file_name,original_size,resized_size,filetype
_MG_8267.jpg,2516793,1271813,.jpg
_MG_8280.jpg,2931277,1513076,.jpg
_MG_8293.jpg,3023201,1484974,.jpg
_MG_8265.jpg,2884531,1482478,.jpg
_MG_8266.jpg,2897569,1427517,.jpg
_MG_8267.jpg,2513472,1271813,.jpg
_MG_8268.jpg,2546999,1297381,.jpg
_MG_8269.jpg,2948197,1513756,.jpg
_MG_8270.jpg,2027824,1017591,.jpg
_MG_8271.jpg,3356832,1800039,.jpg
_MG_8272.jpg,3725898,2000453,.jpg
_MG_8273.jpg,2718264,1390093,.jpg
_MG_8274.jpg,3360335,1794332,.jpg
_MG_8275.jpg,3663846,1982340,.jpg
_MG_8276.jpg,2642461,1365738,.jpg
_MG_8277.jpg,2254006,1090645,.jpg
_MG_8278.jpg,2846940,1474798,.jpg
_MG_8279.jpg,1512280,755168,.jpg
_MG_8280.jpg,2928148,1513076,.jpg
_MG_8281.jpg,3055058,1587145,.jpg
_MG_8282.jpg,2406236,1229336,.jpg
_MG_8283.jpg,3583032,1957218,.jpg
_MG_8284.jpg,3445118,1773011,.jpg
_MG_8285.jpg,3150240,1627213,.jpg
_MG_8286.jpg,3228303,1680794,.jpg
_MG_8287.jpg,3574040,1956350,.jpg
_MG_8288.jpg,2428745,1243990,.jpg
_MG_8291.jpg,9091685,2584937,.jpg
_MG_8293-Edit.jpg,3016943,1473065,.jpg
_MG_8293.jpg,3019201,1484974,.jpg
_MG_8294.jpg,3663785,1845147,.jpg
_MG_8295.jpg,2160376,1056673,.jpg
_MG_8296-Edit.jpg,3137442,1547880,.jpg
_MG_8296.jpg,3163160,1578394,.jpg
_MG_8297.jpg,3542882,1825514,.jpg
_MG_8298.jpg,2567807,1307907,.jpg
_MG_8299.jpg,2077340,1001681,.jpg
_MG_8300.jpg,2651396,1293430,.jpg
_MG_8301.jpg,1292952,656463,.jpg
_MG_8302.jpg,2575116,1249559,.jpg
_MG_8303.jpg,3046516,1589014,.jpg
_MG_8304.jpg,1882989,921290,.jpg
_MG_8305.jpg,2620428,1277174,.jpg
_MG_8306.jpg,3020279,1548518,.jpg
_MG_8307.jpg,2036274,987607,.jpg
_MG_8308.jpg,2764693,1352322,.jpg
_MG_8309.jpg,3185955,1659526,.jpg
_MG_8310.jpg,2078665,1029419,.jpg
_MG_8311.jpg,3014604,1490157,.jpg
_MG_8312.jpg,3293542,1691084,.jpg
_MG_8313.jpg,2470758,1230514,.jpg
_MG_8314-Edit.jpg,3187273,1566281,.jpg
_MG_8314.jpg,3169279,1565048,.jpg
_MG_8315.jpg,3346993,1710635,.jpg
_MG_8316.jpg,2548009,1258507,.jpg
_MG_8317.jpg,2697824,1322857,.jpg
_MG_8318.jpg,3189541,1578072,.jpg
_MG_8319.jpg,2010509,1017026,.jpg
_MG_8320.jpg,2246916,1094751,.jpg
_MG_8321.jpg,2926261,1453906,.jpg
_MG_8322.jpg,1542045,777485,.jpg
_MG_8323.jpg,2625584,1288050,.jpg
_MG_8324.jpg,3073609,1557474,.jpg
_MG_8325.jpg,2038221,1012166,.jpg
_MG_8326.jpg,2278837,1118684,.jpg
_MG_8327.jpg,2765721,1354130,.jpg
_MG_8328.jpg,1581405,774679,.jpg
_MG_8329.jpg,2684084,1304802,.jpg
_MG_8330.jpg,3133542,1605427,.jpg
_MG_8331.jpg,2062098,1017314,.jpg
_MG_8332.jpg,2212554,1051269,.jpg
_MG_8333.jpg,2804463,1466408,.jpg
_MG_8334.jpg,1251275,638986,.jpg
_MG_8335.jpg,2353507,1138643,.jpg
_MG_8336.jpg,3110092,1583199,.jpg
_MG_8337.jpg,1306711,649983,.jpg
_MG_8338.jpg,2047158,984997,.jpg
_MG_8339.jpg,2596530,1316180,.jpg
_MG_8340.jpg,1103918,566964,.jpg
_MG_8341.jpg,1892810,910140,.jpg
_MG_8342.jpg,2462576,1218553,.jpg
_MG_8343.jpg,1112507,571534,.jpg
_MG_8344.jpg,3767075,1874762,.jpg
_MG_8345.jpg,3509515,1774105,.jpg
_MG_8346.jpg,3360929,1628347,.jpg
_MG_8347.jpg,3409962,1665230,.jpg
_MG_8348.jpg,3678150,1858640,.jpg
_MG_8349.jpg,2661629,1308732,.jpg
_MG_8350.jpg,2991398,1460123,.jpg
_MG_8351.jpg,3339775,1742764,.jpg
_MG_8352.jpg,2511668,1211538,.jpg
_MG_8353.jpg,3008868,1486699,.jpg
_MG_8354.jpg,3316207,1706921,.jpg
_MG_8355.jpg,2407026,1160097,.jpg
_MG_8356.jpg,2931444,1457732,.jpg
_MG_8357.jpg,3293233,1720679,.jpg
_MG_8358.jpg,2262035,1126390,.jpg
_MG_8359.jpg,2993611,1500300,.jpg
_MG_8360.jpg,3326703,1735162,.jpg
_MG_8361.jpg,2327894,1151982,.jpg
_MG_8362.jpg,3269678,1655783,.jpg
_MG_8363.jpg,2737822,1295877,.jpg
_MG_8364.jpg,3297471,1718342,.jpg
_MG_8365.jpg,3141807,1548739,.jpg
_MG_8366.jpg,2466916,1139282,.jpg
_MG_8367.jpg,3156493,1697866,.jpg
_MG_8368.jpg,3080564,1636747,.jpg
_MG_8369.jpg,3227726,1707784,.jpg
_MG_8370.jpg,2488781,1172666,.jpg
_MG_8371.jpg,2406606,1131495,.jpg
_MG_8372.jpg,2998497,1561270,.jpg
_MG_8373.jpg,1697324,839813,.jpg
_MG_8374-Edit.jpg,2711844,1289257,.jpg
_MG_8374.jpg,2682912,1286114,.jpg
_MG_8375.jpg,3217180,1711523,.jpg
_MG_8376.jpg,1843119,908722,.jpg
_MG_8377-Edit.jpg,2599261,1232529,.jpg
_MG_8377.jpg,2570286,1229926,.jpg
_MG_8378.jpg,3139259,1621521,.jpg
_MG_8379.jpg,1760050,877070,.jpg
_MG_8380.jpg,2675724,1296312,.jpg
_MG_8381-Edit.jpg,3253285,1591652,.jpg
_MG_8381.jpg,3231952,1590481,.jpg
_MG_8382.jpg,1897238,937796,.jpg
_MG_8383.jpg,2577026,1242909,.jpg
_MG_8384.jpg,3164452,1601232,.jpg
_MG_8385.jpg,1856357,910559,.jpg
_MG_8386.jpg,3049399,1518295,.jpg
_MG_8387.jpg,3312159,1727550,.jpg
_MG_8388.jpg,2437687,1174328,.jpg
_MG_8389.jpg,2394130,1189271,.jpg
_MG_8390.jpg,2852368,1460372,.jpg
_MG_8391.jpg,1542425,774025,.jpg
_MG_8392.jpg,2107394,1044159,.jpg
_MG_8393.jpg,2846577,1467678,.jpg
_MG_8394.jpg,1595801,801868,.jpg
_MG_8395.jpg,2202159,1104975,.jpg
_MG_8396.jpg,2771623,1443335,.jpg
_MG_8397.jpg,1436029,725401,.jpg
_MG_8398.jpg,3465490,1685243,.jpg
_MG_8399.jpg,3535364,1669181,.jpg
_MG_8400.jpg,2998287,1398988,.jpg
_MG_8401.jpg,2991634,1394542,.jpg
_MG_8402.jpg,3467666,1681423,.jpg
_MG_8403.jpg,2416748,1142747,.jpg
_MG_8404.jpg,3037923,1418469,.jpg
_MG_8405.jpg,3477863,1692215,.jpg
_MG_8406.jpg,2461854,1163584,.jpg
_MG_8407-Edit.jpg,3007054,1452537,.jpg
_MG_8407.jpg,2985210,1448776,.jpg
_MG_8408.jpg,3495113,1699633,.jpg
_MG_8409.jpg,2469250,1165837,.jpg
_MG_8410.jpg,2820793,1358839,.jpg
_MG_8411.jpg,3299447,1741453,.jpg
_MG_8412.jpg,2163638,1067291,.jpg
_MG_8413-Edit.jpg,2945618,1413158,.jpg
_MG_8413.jpg,2917217,1410008,.jpg
_MG_8414.jpg,3299335,1650527,.jpg
_MG_8415.jpg,2186961,1088736,.jpg
_MG_8416.jpg,2421813,1150234,.jpg
_MG_8417.jpg,3030867,1531298,.jpg
_MG_8418.jpg,1632433,787300,.jpg
_MG_8419.jpg,2965262,1503229,.jpg
_MG_8420.jpg,3304506,1672730,.jpg
_MG_8421.jpg,2440650,1159758,.jpg
_MG_8422.jpg,3227978,1633745,.jpg
_MG_8423.jpg,2962050,1414810,.jpg
_MG_8424.jpg,2810414,1386678,.jpg
_MG_8425.jpg,2751384,1382857,.jpg
_MG_8426.jpg,3186202,1622823,.jpg
_MG_8427.jpg,2228536,1074306,.jpg
_MG_8428-Edit-2.jpg,2975069,1394812,.jpg
_MG_8428-Edit.jpg,2975429,1394677,.jpg
_MG_8428.jpg,2943763,1391623,.jpg
_MG_8429.jpg,3305556,1499982,.jpg
_MG_8430.jpg,2445203,1125253,.jpg
_MG_8431.jpg,2872104,1354410,.jpg
_MG_8432.jpg,3261514,1602862,.jpg
_MG_8433.jpg,2078500,1009436,.jpg
_MG_8434.jpg,2144502,1031807,.jpg
_MG_8435.jpg,2821804,1440382,.jpg
_MG_8436.jpg,1364882,683378,.jpg
_MG_8437.jpg,2273938,1096887,.jpg
_MG_8438.jpg,2686447,1339841,.jpg
_MG_8439.jpg,1436721,716503,.jpg
_MG_8440.jpg,1947083,941766,.jpg
_MG_8441.jpg,2768061,1434468,.jpg
_MG_8442.jpg,1105373,568104,.jpg
_MG_8443-Edit.jpg,3055187,1603922,.jpg
_MG_8443.jpg,2953363,1557376,.jpg
_MG_8444.jpg,3716272,2005120,.jpg
_MG_8445.jpg,1955255,956442,.jpg
_MG_8446.jpg,3940665,2053336,.jpg
_MG_8447.jpg,3611136,1757728,.jpg
_MG_8448.jpg,3372246,1819016,.jpg
_MG_8449.jpg,3434668,1783251,.jpg
_MG_8450.jpg,2776582,1338432,.jpg
_MG_8451.jpg,3484980,1871477,.jpg
_MG_8452.jpg,3277607,1734304,.jpg
_MG_8453.jpg,3534443,1884565,.jpg
_MG_8454.jpg,2777224,1436978,.jpg
_MG_8455.jpg,2642166,1301229,.jpg
_MG_8456.jpg,2935549,1510400,.jpg
_MG_8457.jpg,2135295,1041140,.jpg
_MG_8458.jpg,2800044,1396354,.jpg
_MG_8459.jpg,2933271,1515107,.jpg
_MG_8460.jpg,2174830,1058221,.jpg
_MG_8464.jpg,3364380,1683765,.jpg
_MG_8465.jpg,3135280,1564253,.jpg
_MG_8466-Edit.jpg,2981803,1465410,.jpg
_MG_8466.jpg,2953546,1460770,.jpg
_MG_8467.jpg,3123516,1555077,.jpg
_MG_8468.jpg,3218803,1623590,.jpg
_MG_8469.jpg,2606526,1281415,.jpg
_MG_8265.jpg,2887330,1482478,.jpg
_MG_8266.jpg,2900368,1427517,.jpg
_MG_8267.jpg,2516271,1271813,.jpg
_MG_8268.jpg,2549841,1297381,.jpg
_MG_8269.jpg,2950996,1513756,.jpg
_MG_8270.jpg,2030623,1017591,.jpg
_MG_8271.jpg,3359642,1800039,.jpg
_MG_8272.jpg,3728859,2000453,.jpg
_MG_8273.jpg,2721806,1390093,.jpg
_MG_8274.jpg,3364233,1794332,.jpg
_MG_8275.jpg,3666645,1982340,.jpg
_MG_8276.jpg,2645788,1365738,.jpg
_MG_8277.jpg,2257407,1090645,.jpg
_MG_8278.jpg,2849823,1474798,.jpg
_MG_8279.jpg,1515822,755168,.jpg
_MG_8280.jpg,2931747,1513076,.jpg
_MG_8281.jpg,3058019,1587145,.jpg
_MG_8282.jpg,2409667,1229336,.jpg
_MG_8283.jpg,3585831,1957218,.jpg
_MG_8284.jpg,3448484,1773011,.jpg
_MG_8285.jpg,3153395,1627213,.jpg
_MG_8286.jpg,3231264,1680794,.jpg
_MG_8287.jpg,3576839,1956350,.jpg
_MG_8288.jpg,2431544,1243990,.jpg
_MG_8291.jpg,9094484,2584937,.jpg
_MG_8293-Edit.jpg,3020124,1473065,.jpg
_MG_8293.jpg,3023283,1484974,.jpg
_MG_8294.jpg,3666584,1845147,.jpg
_MG_8295.jpg,2163175,1056673,.jpg
_MG_8296-Edit.jpg,3140056,1547880,.jpg
_MG_8296.jpg,3166315,1578394,.jpg
_MG_8297.jpg,3545681,1825514,.jpg
_MG_8298.jpg,2570741,1307907,.jpg
_MG_8299.jpg,2080274,1001681,.jpg
_MG_8300.jpg,2654951,1293430,.jpg
_MG_8301.jpg,1295751,656463,.jpg
_MG_8302.jpg,2577915,1249559,.jpg
_MG_8303.jpg,3049450,1589014,.jpg
_MG_8304.jpg,1885788,921290,.jpg
_MG_8305.jpg,2624159,1277174,.jpg
_MG_8306.jpg,3023078,1548518,.jpg
_MG_8307.jpg,2039073,987607,.jpg
_MG_8308.jpg,2768278,1352322,.jpg
_MG_8309.jpg,3188754,1659526,.jpg
_MG_8310.jpg,2081464,1029419,.jpg
_MG_8311.jpg,3018551,1490157,.jpg
_MG_8312.jpg,3296341,1691084,.jpg
_MG_8313.jpg,2473557,1230514,.jpg
_MG_8314-Edit.jpg,3189887,1566281,.jpg
_MG_8314.jpg,3172881,1565048,.jpg
_MG_8315.jpg,3349792,1710635,.jpg
_MG_8316.jpg,2550808,1258507,.jpg
_MG_8317.jpg,2700623,1322857,.jpg
_MG_8318.jpg,3192340,1578072,.jpg
_MG_8319.jpg,2013308,1017026,.jpg
_MG_8320.jpg,2249715,1094751,.jpg
_MG_8321.jpg,2930822,1453906,.jpg
_MG_8322.jpg,1544844,777485,.jpg
_MG_8323.jpg,2628383,1288050,.jpg
_MG_8324.jpg,3076408,1557474,.jpg
_MG_8325.jpg,2041020,1012166,.jpg
_MG_8326.jpg,2281636,1118684,.jpg
_MG_8327.jpg,2768531,1354130,.jpg
_MG_8328.jpg,1584204,774679,.jpg
_MG_8329.jpg,2686883,1304802,.jpg
_MG_8330.jpg,3136341,1605427,.jpg
_MG_8331.jpg,2064897,1017314,.jpg
_MG_8332.jpg,2215364,1051269,.jpg
_MG_8333.jpg,2807262,1466408,.jpg
_MG_8334.jpg,1254074,638986,.jpg
_MG_8335.jpg,2356306,1138643,.jpg
_MG_8336.jpg,3113247,1583199,.jpg
_MG_8337.jpg,1309510,649983,.jpg
_MG_8338.jpg,2050313,984997,.jpg
_MG_8339.jpg,2599329,1316180,.jpg
_MG_8340.jpg,1106717,566964,.jpg
_MG_8341.jpg,1895965,910140,.jpg
_MG_8342.jpg,2465375,1218553,.jpg
_MG_8343.jpg,1115306,571534,.jpg
_MG_8344.jpg,3769874,1874762,.jpg
_MG_8345.jpg,3512314,1774105,.jpg
_MG_8346.jpg,3363728,1628347,.jpg
_MG_8347.jpg,3412761,1665230,.jpg
_MG_8348.jpg,3680949,1858640,.jpg
_MG_8349.jpg,2664428,1308732,.jpg
_MG_8350.jpg,2995189,1460123,.jpg
_MG_8351.jpg,3342574,1742764,.jpg
_MG_8352.jpg,2514467,1211538,.jpg
_MG_8353.jpg,3011667,1486699,.jpg
_MG_8354.jpg,3319006,1706921,.jpg
_MG_8355.jpg,2409825,1160097,.jpg
_MG_8356.jpg,2934599,1457732,.jpg
_MG_8357.jpg,3296032,1720679,.jpg
_MG_8358.jpg,2264834,1126390,.jpg
_MG_8359.jpg,2996766,1500300,.jpg
_MG_8360.jpg,3329502,1735162,.jpg
_MG_8361.jpg,2330693,1151982,.jpg
_MG_8362.jpg,3272477,1655783,.jpg
_MG_8363.jpg,2740621,1295877,.jpg
_MG_8364.jpg,3300270,1718342,.jpg
_MG_8365.jpg,3144606,1548739,.jpg
_MG_8366.jpg,2469715,1139282,.jpg
_MG_8367.jpg,3159292,1697866,.jpg
_MG_8368.jpg,3083363,1636747,.jpg
_MG_8369.jpg,3230525,1707784,.jpg
_MG_8370.jpg,2491936,1172666,.jpg
_MG_8371.jpg,2409405,1131495,.jpg
_MG_8372.jpg,3001296,1561270,.jpg
_MG_8373.jpg,1700123,839813,.jpg
_MG_8374-Edit.jpg,2714458,1289257,.jpg
_MG_8374.jpg,2686056,1286114,.jpg
_MG_8375.jpg,3219979,1711523,.jpg
_MG_8376.jpg,1845918,908722,.jpg
_MG_8377-Edit.jpg,2601875,1232529,.jpg
_MG_8377.jpg,2573441,1229926,.jpg
_MG_8378.jpg,3142058,1621521,.jpg
_MG_8379.jpg,1762849,877070,.jpg
_MG_8380.jpg,2678523,1296312,.jpg
_MG_8381-Edit.jpg,3255899,1591652,.jpg
_MG_8381.jpg,3235899,1590481,.jpg
_MG_8382.jpg,1900037,937796,.jpg
_MG_8383.jpg,2579825,1242909,.jpg
_MG_8384.jpg,3167251,1601232,.jpg
_MG_8385.jpg,1859156,910559,.jpg
_MG_8386.jpg,3052198,1518295,.jpg
_MG_8387.jpg,3314958,1727550,.jpg
_MG_8388.jpg,2440486,1174328,.jpg
_MG_8389.jpg,2397285,1189271,.jpg
_MG_8390.jpg,2855167,1460372,.jpg
_MG_8391.jpg,1545224,774025,.jpg
_MG_8392.jpg,2110193,1044159,.jpg
_MG_8393.jpg,2849732,1467678,.jpg
_MG_8394.jpg,1598600,801868,.jpg
_MG_8395.jpg,2204958,1104975,.jpg
_MG_8396.jpg,2774778,1443335,.jpg
_MG_8397.jpg,1438828,725401,.jpg
_MG_8398.jpg,3468289,1685243,.jpg
_MG_8399.jpg,3538163,1669181,.jpg
_MG_8400.jpg,3001086,1398988,.jpg
_MG_8401.jpg,2994433,1394542,.jpg
_MG_8402.jpg,3470465,1681423,.jpg
_MG_8403.jpg,2419547,1142747,.jpg
_MG_8404.jpg,3040722,1418469,.jpg
_MG_8405.jpg,3480662,1692215,.jpg
_MG_8406.jpg,2464653,1163584,.jpg
_MG_8407-Edit.jpg,3009668,1452537,.jpg
_MG_8407.jpg,2991163,1448776,.jpg
_MG_8408.jpg,3497912,1699633,.jpg
_MG_8409.jpg,2472049,1165837,.jpg
_MG_8410.jpg,2826201,1358839,.jpg
_MG_8411.jpg,3302246,1741453,.jpg
_MG_8412.jpg,2166437,1067291,.jpg
_MG_8413-Edit.jpg,2948232,1413158,.jpg
_MG_8413.jpg,2921433,1410008,.jpg
_MG_8414.jpg,3302134,1650527,.jpg
_MG_8415.jpg,2189760,1088736,.jpg
_MG_8416.jpg,2424612,1150234,.jpg
_MG_8417.jpg,3033666,1531298,.jpg
_MG_8418.jpg,1635232,787300,.jpg
_MG_8419.jpg,2971107,1503229,.jpg
_MG_8420.jpg,3307305,1672730,.jpg
_MG_8421.jpg,2443449,1159758,.jpg
_MG_8422.jpg,3230777,1633745,.jpg
_MG_8423.jpg,2964849,1414810,.jpg
_MG_8424.jpg,2813213,1386678,.jpg
_MG_8425.jpg,2754539,1382857,.jpg
_MG_8426.jpg,3189001,1622823,.jpg
_MG_8427.jpg,2231335,1074306,.jpg
_MG_8428-Edit-2.jpg,2977683,1394812,.jpg
_MG_8428-Edit.jpg,2978032,1394677,.jpg
_MG_8428.jpg,2946573,1391623,.jpg
_MG_8429.jpg,3308355,1499982,.jpg
_MG_8430.jpg,2448002,1125253,.jpg
_MG_8431.jpg,2874903,1354410,.jpg
_MG_8432.jpg,3264313,1602862,.jpg
_MG_8433.jpg,2081299,1009436,.jpg
_MG_8434.jpg,2147301,1031807,.jpg
_MG_8435.jpg,2824603,1440382,.jpg
_MG_8436.jpg,1367681,683378,.jpg
_MG_8437.jpg,2276737,1096887,.jpg
_MG_8438.jpg,2689602,1339841,.jpg
_MG_8439.jpg,1439520,716503,.jpg
_MG_8440.jpg,1949882,941766,.jpg
_MG_8441.jpg,2770860,1434468,.jpg
_MG_8442.jpg,1108172,568104,.jpg
_MG_8443-Edit.jpg,3057801,1603922,.jpg
_MG_8443.jpg,2956507,1557376,.jpg
_MG_8444.jpg,3719389,2005120,.jpg
_MG_8445.jpg,1958372,956442,.jpg
_MG_8446.jpg,3943782,2053336,.jpg
_MG_8447.jpg,3614253,1757728,.jpg
_MG_8448.jpg,3375363,1819016,.jpg
_MG_8449.jpg,3437467,1783251,.jpg
_MG_8450.jpg,2779381,1338432,.jpg
_MG_8451.jpg,3487779,1871477,.jpg
_MG_8452.jpg,3280762,1734304,.jpg
_MG_8453.jpg,3537242,1884565,.jpg
_MG_8454.jpg,2780023,1436978,.jpg
_MG_8455.jpg,2644965,1301229,.jpg
_MG_8456.jpg,2938348,1510400,.jpg
_MG_8457.jpg,2138094,1041140,.jpg
_MG_8458.jpg,2803199,1396354,.jpg
_MG_8459.jpg,2936070,1515107,.jpg
_MG_8460.jpg,2177629,1058221,.jpg
_MG_8464.jpg,3367179,1683765,.jpg
_MG_8465.jpg,3138079,1564253,.jpg
_MG_8466-Edit.jpg,2984417,1465410,.jpg
_MG_8466.jpg,2956701,1460770,.jpg
_MG_8467.jpg,3126671,1555077,.jpg
_MG_8468.jpg,3221602,1623590,.jpg
_MG_8469.jpg,2609325,1281415,.jpg
1 macOs tags.jpg,2535134,2406760,.jpg
1.jpg,2535438,2406760,.jpg
array_test.jpg,4768,827,.jpg
metadata_test.jpg,3881,827,.jpg
test_final.jpg,1305,1305,.jpg
test_final.png,739,427,.png
test_final.tiff,120140,380,.tiff
test_finder_tags_demo.jpg,2262322,2057932,.jpg
large_image.jpg,236007,150631,.jpg
normal_image.jpg,15630,15630,.jpg
transparent_image.png,3237,2780,.png
very_large_image.jpg,318729,250631,.jpg
_MG_9154-HDR.jpg,2637514,1324964,.jpg
_MG_9154.jpg,3082319,1546903,.jpg
_MG_9155.jpg,3010119,1501906,.jpg
_MG_9156.jpg,2545473,1235299,.jpg
_MG_9157-HDR.jpg,2594044,1284357,.jpg
_MG_9157.jpg,3064909,1510695,.jpg
_MG_9158.jpg,3012617,1506629,.jpg
_MG_9159.jpg,1937237,959315,.jpg
_MG_9160-HDR.jpg,2353353,1164446,.jpg
_MG_9160.jpg,2782361,1368455,.jpg
_MG_9161.jpg,3003647,1543809,.jpg
_MG_9162.jpg,1571527,801042,.jpg
_MG_9166-HDR.jpg,2312612,1123869,.jpg
_MG_9166.jpg,2918588,1462712,.jpg
_MG_9167.jpg,2822848,1392092,.jpg
_MG_9168.jpg,1983218,946736,.jpg
_MG_9172-HDR.jpg,2755018,1364383,.jpg
_MG_9172.jpg,2925697,1411676,.jpg
_MG_9173.jpg,2822270,1379783,.jpg
_MG_9174.jpg,2006311,994074,.jpg
_MG_9175-HDR.jpg,2511922,1211871,.jpg
_MG_9175.jpg,2661575,1254808,.jpg
_MG_9176.jpg,2965652,1507726,.jpg
_MG_9177.jpg,1495535,679777,.jpg
_MG_9178-HDR.jpg,2854617,1365380,.jpg
_MG_9178.jpg,2907762,1382616,.jpg
_MG_9179.jpg,3027492,1515486,.jpg
_MG_9180.jpg,1959245,875915,.jpg
_MG_9181-HDR.jpg,2799197,1376492,.jpg
_MG_9181.jpg,2898026,1396137,.jpg
_MG_9182.jpg,2965128,1482785,.jpg
_MG_9183.jpg,1856560,821555,.jpg
_MG_9184-HDR.jpg,2006136,980626,.jpg
_MG_9184.jpg,2117305,1054507,.jpg
_MG_9185.jpg,2694554,1335390,.jpg
_MG_9186.jpg,1404587,693532,.jpg
_MG_9187-HDR.jpg,2300820,1149388,.jpg
_MG_9187.jpg,2416690,1182342,.jpg
_MG_9188.jpg,2633803,1309531,.jpg
_MG_9189.jpg,1610638,827040,.jpg
_MG_9190-HDR.jpg,2514851,1291390,.jpg
_MG_9190.jpg,2813531,1431587,.jpg
_MG_9191.jpg,2956753,1521618,.jpg
_MG_9192.jpg,1898539,987655,.jpg
_MG_9193-HDR.jpg,2475389,1261515,.jpg
_MG_9193.jpg,2663781,1331703,.jpg
_MG_9194.jpg,2844855,1424315,.jpg
_MG_9195.jpg,1958242,999218,.jpg
_MG_9196-HDR.jpg,2411421,1215580,.jpg
_MG_9196.jpg,2333466,1176136,.jpg
_MG_9197.jpg,2847146,1418268,.jpg
_MG_9198.jpg,1830942,925235,.jpg
_MG_9199-HDR.jpg,2776538,1412339,.jpg
_MG_9199.jpg,2897623,1439216,.jpg
_MG_9200.jpg,2814196,1397676,.jpg
_MG_9201.jpg,2205202,1161881,.jpg
_MG_9205-HDR.jpg,2711288,1363633,.jpg
_MG_9205.jpg,2907956,1448602,.jpg
_MG_9206.jpg,2981790,1491609,.jpg
_MG_9207.jpg,2280640,1163029,.jpg
_MG_9208-HDR.jpg,2978435,1523793,.jpg
_MG_9208.jpg,3319705,1685778,.jpg
_MG_9209.jpg,3245890,1634736,.jpg
_MG_9210.jpg,2549052,1296354,.jpg
_MG_9214-HDR.jpg,2682249,1360832,.jpg
_MG_9214.jpg,2786505,1407933,.jpg
_MG_9215.jpg,3138116,1584030,.jpg
_MG_9216.jpg,2117925,1052869,.jpg
_MG_9217-HDR.jpg,3014311,1552552,.jpg
_MG_9217.jpg,3080975,1578417,.jpg
_MG_9218.jpg,3101054,1571964,.jpg
_MG_9219.jpg,2461548,1237879,.jpg
_MG_9223-HDR.jpg,3265303,1680578,.jpg
_MG_9223.jpg,3292543,1654201,.jpg
_MG_9224.jpg,3044435,1487543,.jpg
_MG_9225.jpg,2821241,1421578,.jpg
_MG_9226-HDR.jpg,2572098,1300405,.jpg
_MG_9226.jpg,2589050,1262375,.jpg
_MG_9227.jpg,2759672,1377087,.jpg
_MG_9228.jpg,2115639,1075711,.jpg
_MG_9229-HDR.jpg,2535390,1283089,.jpg
_MG_9229.jpg,2913258,1486566,.jpg
_MG_9230.jpg,2773513,1390750,.jpg
_MG_9231.jpg,1875374,925861,.jpg
_MG_9232-HDR.jpg,4273791,2313225,.jpg
_MG_9232.jpg,4481283,2347352,.jpg
_MG_9233.jpg,3743975,1896282,.jpg
_MG_9234.jpg,4138990,2062346,.jpg
_MG_9238-HDR.jpg,5045838,2782260,.jpg
_MG_9238.jpg,5335584,2858139,.jpg
_MG_9239.jpg,4615359,2396501,.jpg
_MG_9240.jpg,4624173,2405342,.jpg
_MG_9241-HDR.jpg,4953480,2740984,.jpg
_MG_9241.jpg,5191225,2783731,.jpg
_MG_9242.jpg,4524346,2344148,.jpg
_MG_9243.jpg,4737000,2476058,.jpg
1 macOs tags.jpg,2535550,2406760,.jpg
1.jpg,2536066,2406760,.jpg
array_test.jpg,5527,827,.jpg
metadata_test.jpg,4429,827,.jpg
test_final.jpg,4916,1306,.jpg
test_final.png,1943,427,.png
test_final.tiff,123186,3385,.tiff
test_finder_tags_demo.jpg,2263107,2057932,.jpg
array_test.jpg,6246,827,.jpg
test_final.tiff,123230,3426,.tiff
_MG_8592-HDR.jpg,2387164,1157196,.jpg
_MG_8592.jpg,2512038,1177933,.jpg
_MG_8593.jpg,2643981,1228942,.jpg
_MG_8594.jpg,1399282,690316,.jpg
_MG_8595-HDR.jpg,2632700,1263878,.jpg
_MG_8595.jpg,2616136,1220951,.jpg
_MG_8596.jpg,2713100,1256242,.jpg
_MG_8597.jpg,1537527,748049,.jpg
_MG_8601-HDR.jpg,2555271,1234168,.jpg
_MG_8601.jpg,2753698,1285320,.jpg
_MG_8602.jpg,2438310,1109624,.jpg
_MG_8603.jpg,2148371,1013501,.jpg
_MG_8604-HDR.jpg,2541379,1220170,.jpg
_MG_8604.jpg,2910350,1355259,.jpg
_MG_8605.jpg,2422553,1095274,.jpg
_MG_8606.jpg,2413137,1128337,.jpg
_MG_8610-HDR.jpg,2367920,1134958,.jpg
_MG_8610.jpg,2581263,1205988,.jpg
_MG_8611.jpg,2384842,1075319,.jpg
_MG_8612.jpg,1812433,867651,.jpg
_MG_8613-HDR.jpg,2493501,1196974,.jpg
_MG_8613.jpg,2453096,1164820,.jpg
_MG_8614.jpg,2632795,1210923,.jpg
_MG_8615.jpg,1619657,789952,.jpg
_MG_8616-HDR.jpg,2320690,1123769,.jpg
_MG_8616.jpg,2700610,1263291,.jpg
_MG_8617.jpg,2534532,1159080,.jpg
_MG_8618.jpg,1913570,903056,.jpg
_MG_8619-HDR.jpg,2462480,1190425,.jpg
_MG_8619.jpg,2136407,955645,.jpg
_MG_8620.jpg,1564307,707206,.jpg
_MG_8621.jpg,2688234,1254290,.jpg
_MG_8622-HDR.jpg,2453382,1164452,.jpg
_MG_8622.jpg,2292877,1022449,.jpg
_MG_8623.jpg,1664051,746371,.jpg
_MG_8624.jpg,2751756,1280666,.jpg
_MG_8625-HDR.jpg,2570049,1223590,.jpg
_MG_8625.jpg,2735596,1268781,.jpg
_MG_8626.jpg,2611410,1197756,.jpg
_MG_8627.jpg,1821697,880864,.jpg
_MG_8628-HDR.jpg,2545964,1270161,.jpg
_MG_8628.jpg,2290056,1114686,.jpg
_MG_8629.jpg,2687637,1294577,.jpg
_MG_8630.jpg,1032060,551513,.jpg
_MG_8631-HDR.jpg,2581549,1280210,.jpg
_MG_8631.jpg,2449455,1177299,.jpg
_MG_8632.jpg,2726927,1312671,.jpg
_MG_8633.jpg,1129923,593385,.jpg
_MG_8634-HDR.jpg,2430878,1191249,.jpg
_MG_8634.jpg,2389138,1135923,.jpg
_MG_8635.jpg,2598090,1223788,.jpg
_MG_8636.jpg,1365197,697223,.jpg
_MG_8640-HDR.jpg,2232520,1121612,.jpg
_MG_8640.jpg,2564766,1225059,.jpg
_MG_8641.jpg,2314346,1091235,.jpg
_MG_8642.jpg,1642678,819227,.jpg
_MG_8643-HDR.jpg,2587871,1195621,.jpg
_MG_8643.jpg,2650477,1193246,.jpg
_MG_8644.jpg,2530606,1126377,.jpg
_MG_8645.jpg,2063743,939834,.jpg
_MG_8646-HDR.jpg,2711771,1276729,.jpg
_MG_8646.jpg,2858482,1306387,.jpg
_MG_8647.jpg,2669855,1195861,.jpg
_MG_8648.jpg,2120010,976121,.jpg
_MG_8649-HDR.jpg,2853957,1328450,.jpg
_MG_8649.jpg,2522504,1178496,.jpg
_MG_8650.jpg,2922914,1336341,.jpg
_MG_8651.jpg,1477302,675756,.jpg
_MG_8655-HDR.jpg,2984858,1383860,.jpg
_MG_8655.jpg,2975894,1341489,.jpg
_MG_8656.jpg,2718564,1223403,.jpg
_MG_8657.jpg,2361145,1090055,.jpg
_MG_8658-HDR.jpg,2645043,1247928,.jpg
_MG_8658.jpg,2827008,1288982,.jpg
_MG_8659.jpg,2428850,1086870,.jpg
_MG_8660.jpg,2425836,1143471,.jpg
_MG_8661-HDR.jpg,2416568,1124565,.jpg
_MG_8661.jpg,2544559,1137934,.jpg
_MG_8662.jpg,2095878,933629,.jpg
_MG_8663.jpg,2371669,1094077,.jpg
_MG_8664-HDR.jpg,3182582,1516308,.jpg
_MG_8664.jpg,3085527,1423910,.jpg
_MG_8665.jpg,2743268,1249082,.jpg
_MG_8666.jpg,2659605,1249135,.jpg
_MG_8670-HDR.jpg,3325260,1587309,.jpg
_MG_8670.jpg,3224652,1492348,.jpg
_MG_8671.jpg,2899909,1324684,.jpg
_MG_8672.jpg,2804385,1311692,.jpg
_MG_8673-HDR.jpg,2683995,1259774,.jpg
_MG_8673.jpg,2774613,1260324,.jpg
_MG_8674.jpg,2556440,1136889,.jpg
_MG_8675.jpg,2213685,1014916,.jpg
_MG_8676-HDR.jpg,3069891,1501971,.jpg
_MG_8676.jpg,3109057,1491444,.jpg
_MG_8677.jpg,2555769,1185548,.jpg
_MG_8678.jpg,2573717,1161408,.jpg
_MG_8679-HDR.jpg,3008845,1453854,.jpg
_MG_8679.jpg,2960534,1394559,.jpg
_MG_8680.jpg,2905365,1354936,.jpg
_MG_8681.jpg,2154050,1010718,.jpg
_MG_8682-HDR.jpg,2577332,1321894,.jpg
_MG_8682.jpg,2690206,1343697,.jpg
_MG_8683.jpg,2701742,1313141,.jpg
_MG_8684.jpg,1609749,757349,.jpg
_MG_8685-HDR.jpg,2452219,1221126,.jpg
_MG_8685.jpg,2493584,1189114,.jpg
_MG_8686.jpg,2158470,986792,.jpg
_MG_8687.jpg,1924750,925455,.jpg
_MG_8688-HDR.jpg,2742411,1412123,.jpg
_MG_8688.jpg,2982621,1472967,.jpg
_MG_8689.jpg,2594956,1271324,.jpg
_MG_8690.jpg,1705609,867477,.jpg
_MG_8691-HDR.jpg,2649591,1276188,.jpg
_MG_8691.jpg,2747506,1280570,.jpg
_MG_8692.jpg,2367049,1066491,.jpg
_MG_8693.jpg,2058402,978311,.jpg
_MG_8694-HDR.jpg,3825650,1929071,.jpg
_MG_8694.jpg,3703330,1812050,.jpg
_MG_8695.jpg,3312133,1542709,.jpg
_MG_8696.jpg,3077855,1471517,.jpg
_MG_8697-HDR.jpg,3924742,2054504,.jpg
_MG_8697.jpg,3756321,1859655,.jpg
_MG_8698.jpg,3101689,1434178,.jpg
_MG_8699.jpg,3534679,1731799,.jpg
_MG_8700-HDR.jpg,4937318,2489112,.jpg
_MG_8700.jpg,4632687,2266153,.jpg
_MG_8701.jpg,3599804,1663217,.jpg
_MG_8702.jpg,4682570,2294818,.jpg
1.jpg,2534846,2406760,.jpg
3.jpg,3032619,2294449,.jpg
4.jpg,4556908,1932403,.jpg
5.jpg,1883410,1458859,.jpg
eeeee.jpg,1971549,1871590,.jpg
FRQ_STAR 0.jpg,6390963,3184933,.jpg
FRQ_STAR 1.jpg,4828427,2415051,.jpg
FRQ_STAR 10.jpg,4469278,2280866,.jpg
FRQ_STAR 12.jpg,6947687,2401932,.jpg
FRQ_STAR 13.jpg,7273193,2527906,.jpg
FRQ_STAR 14.jpg,2334499,2303311,.jpg
FRQ_STAR 15.jpg,6863364,2349716,.jpg
FRQ_STAR 16.jpg,6564609,3312846,.jpg
FRQ_STAR 17.jpg,2330719,2305068,.jpg
FRQ_STAR 18.jpg,4251081,2190821,.jpg
FRQ_STAR 19.jpg,4167141,3119378,.jpg
FRQ_STAR 2.jpg,2333629,2305605,.jpg
FRQ_STAR 20.jpg,2539595,2158131,.jpg
FRQ_STAR 3.jpg,4355301,3276671,.jpg
FRQ_STAR 5.jpg,4370430,3305633,.jpg
FRQ_STAR 6.jpg,3672922,2852536,.jpg
FRQ_STAR 7.jpg,4028651,3106218,.jpg
FRQ_STAR 8.jpg,2893179,2863875,.jpg
FRQ_STAR 9.jpg,3544985,2803151,.jpg
FRQ_XMAS_LIGHTS 0.jpg,2302362,1963785,.jpg
FRQ_XMAS_LIGHTS 10.jpg,2012429,1577042,.jpg
FRQ_XMAS_LIGHTS 11.jpg,1676941,1337629,.jpg
FRQ_XMAS_LIGHTS 12.jpg,1883450,1458859,.jpg
FRQ_XMAS_LIGHTS 13.jpg,2344145,1758328,.jpg
FRQ_XMAS_LIGHTS 14.jpg,6162502,2935434,.jpg
FRQ_XMAS_LIGHTS 15.jpg,2534778,2406760,.jpg
FRQ_XMAS_LIGHTS 16.jpg,3215419,2833292,.jpg
FRQ_XMAS_LIGHTS 17.jpg,1804360,1410265,.jpg
FRQ_XMAS_LIGHTS 18.jpg,4485850,2263313,.jpg
FRQ_XMAS_LIGHTS 19.jpg,1976362,1517005,.jpg
FRQ_XMAS_LIGHTS 2.jpg,3047328,2593217,.jpg
FRQ_XMAS_LIGHTS 20.jpg,2302199,1758032,.jpg
FRQ_XMAS_LIGHTS 21.jpg,1707340,1325051,.jpg
FRQ_XMAS_LIGHTS 22.jpg,2371657,1834452,.jpg
FRQ_XMAS_LIGHTS 23.jpg,2263614,1743882,.jpg
FRQ_XMAS_LIGHTS 24.jpg,2081201,1676710,.jpg
FRQ_XMAS_LIGHTS 25.jpg,1958440,1528380,.jpg
FRQ_XMAS_LIGHTS 26.jpg,2550173,1947111,.jpg
FRQ_XMAS_LIGHTS 27.jpg,4257920,2187394,.jpg
FRQ_XMAS_LIGHTS 28.jpg,2187159,1691976,.jpg
FRQ_XMAS_LIGHTS 29.jpg,2029602,1596041,.jpg
FRQ_XMAS_LIGHTS 3.jpg,1693186,1344619,.jpg
FRQ_XMAS_LIGHTS 30.jpg,2145365,1658324,.jpg
FRQ_XMAS_LIGHTS 31.jpg,2198475,1690054,.jpg
FRQ_XMAS_LIGHTS 32.jpg,1974135,1540303,.jpg
FRQ_XMAS_LIGHTS 33.jpg,2450238,1865112,.jpg
FRQ_XMAS_LIGHTS 34.jpg,2073442,1638898,.jpg
FRQ_XMAS_LIGHTS 35.jpg,1993081,1565515,.jpg
FRQ_XMAS_LIGHTS 36.jpg,2328728,1730758,.jpg
FRQ_XMAS_LIGHTS 37.jpg,2468807,1852450,.jpg
FRQ_XMAS_LIGHTS 38.jpg,4532276,2308425,.jpg
FRQ_XMAS_LIGHTS 39.jpg,2747144,2611183,.jpg
FRQ_XMAS_LIGHTS 4.jpg,4099186,2121623,.jpg
FRQ_XMAS_LIGHTS 40.jpg,5340857,2682759,.jpg
FRQ_XMAS_LIGHTS 41.jpg,3160751,3002056,.jpg
FRQ_XMAS_LIGHTS 42.jpg,3304732,3110872,.jpg
FRQ_XMAS_LIGHTS 43.jpg,3285418,3240526,.jpg
FRQ_XMAS_LIGHTS 44.jpg,3032653,2294449,.jpg
FRQ_XMAS_LIGHTS 45.jpg,1845412,1450073,.jpg
FRQ_XMAS_LIGHTS 46.jpg,2436099,1895194,.jpg
FRQ_XMAS_LIGHTS 47.jpg,1533208,1215068,.jpg
FRQ_XMAS_LIGHTS 48.jpg,2597732,2506610,.jpg
FRQ_XMAS_LIGHTS 49.jpg,2799091,2611810,.jpg
FRQ_XMAS_LIGHTS 5.jpg,2025676,1609283,.jpg
FRQ_XMAS_LIGHTS 50.jpg,1461550,1199508,.jpg
FRQ_XMAS_LIGHTS 51.jpg,2889616,2796979,.jpg
FRQ_XMAS_LIGHTS 52.jpg,3343240,3144624,.jpg
FRQ_XMAS_LIGHTS 53.jpg,5154410,2728097,.jpg
FRQ_XMAS_LIGHTS 54.jpg,2365490,1859357,.jpg
FRQ_XMAS_LIGHTS 55.jpg,5776371,2477085,.jpg
FRQ_XMAS_LIGHTS 56.jpg,5650244,2852892,.jpg
FRQ_XMAS_LIGHTS 57.jpg,4556948,1932403,.jpg
FRQ_XMAS_LIGHTS 58.jpg,4915161,2169152,.jpg
FRQ_XMAS_LIGHTS 59.jpg,2200532,1641203,.jpg
FRQ_XMAS_LIGHTS 6.jpg,1941486,1553781,.jpg
FRQ_XMAS_LIGHTS 60.jpg,3446444,3030389,.jpg
FRQ_XMAS_LIGHTS 61.jpg,3762549,3288710,.jpg
FRQ_XMAS_LIGHTS 62.jpg,6783604,3158920,.jpg
FRQ_XMAS_LIGHTS 63.jpg,2663327,2581129,.jpg
FRQ_XMAS_LIGHTS 64.jpg,3263340,3165019,.jpg
FRQ_XMAS_LIGHTS 65.jpg,3283990,3268836,.jpg
FRQ_XMAS_LIGHTS 7.jpg,2424435,1887507,.jpg
FRQ_XMAS_LIGHTS 8.jpg,2164316,1744556,.jpg
FRQ_XMAS_LIGHTS 9.jpg,2448929,1955093,.jpg
fsdfsdfs.jpg,2007816,1891256,.jpg
LIFESTYLE_AND_DETAILS_060.jpg,2141125,1996807,.jpg
LIFESTYLE_AND_DETAILS_061.jpg,2042038,1919538,.jpg
LIFESTYLE_AND_DETAILS_064.jpg,1725737,1696111,.jpg
LIFESTYLE_AND_DETAILS_065.jpg,1750216,1717806,.jpg
LIFESTYLE_AND_DETAILS_066.jpg,2262702,2057932,.jpg
LIFESTYLE_AND_DETAILS_067.jpg,2671983,2365990,.jpg
Bishopsgate11.jpg,21698710,2632663,.jpg
Bishopsgate12.jpg,27018378,3336641,.jpg
Bishopsgate13.jpg,27120281,3153124,.jpg
Bishopsgate18.jpg,21065993,2196976,.jpg
Bishopsgate23.jpg,28995925,1994864,.jpg
Bishopsgate24.jpg,36463558,2867448,.jpg
Bishopsgate25.jpg,34626839,2575255,.jpg
_DSF7024.jpg,4708666,2560665,.jpg
_DSF7025.jpg,2821009,1395101,.jpg
_DSF7026.jpg,3980385,2067221,.jpg
_DSF7027.jpg,4861103,2703941,.jpg
_DSF7028.jpg,4586075,2582531,.jpg
_DSF7029.jpg,4818889,2692139,.jpg
_DSF7030.jpg,4254571,2241479,.jpg
_DSF7031.jpg,4794250,2624132,.jpg
_DSF7032.jpg,4451706,2487047,.jpg
_DSF7033.jpg,3944121,2124686,.jpg
_DSF7034.jpg,4859940,2724511,.jpg
_DSF7035.jpg,4106622,2151909,.jpg
_DSF7036.jpg,4754779,2600161,.jpg
_DSF7037.jpg,4550433,2567010,.jpg
_DSF7038.jpg,4092237,2245909,.jpg
_DSF7039.jpg,4882891,2765595,.jpg
_DSF7040.jpg,3965913,2079155,.jpg
_DSF7041.jpg,4722448,2589647,.jpg
_DSF7042.jpg,4667624,2657938,.jpg
_DSF7043.jpg,4376694,2469568,.jpg
_DSF7044.jpg,4745338,2728763,.jpg
_DSF7045.jpg,4020786,2111647,.jpg
_DSF7046.jpg,4725594,2601172,.jpg
_DSF7047.jpg,4637455,2638949,.jpg
_DSF7048.jpg,4336602,2442353,.jpg
_DSF7049.jpg,4746056,2730978,.jpg
_DSF7050.jpg,4046192,2128957,.jpg
_DSF7051.jpg,4726130,2603854,.jpg
_DSF7052.jpg,4574659,2584365,.jpg
_DSF7053.jpg,4285372,2401767,.jpg
_DSF7054.jpg,4734601,2643223,.jpg
_DSF7055.jpg,3847100,2022246,.jpg
_DSF7056.jpg,4682237,2574484,.jpg
_DSF7057.jpg,4606378,2619609,.jpg
_DSF7058.jpg,4212646,2348290,.jpg
_DSF7059-Edit.jpg,5233241,3047153,.jpg
_DSF7059.jpg,4764713,2732388,.jpg
_DSF7060.jpg,3971686,2080034,.jpg
_DSF7061.jpg,4702167,2582256,.jpg
_DSF7062.jpg,4648320,2655976,.jpg
_DSF7063.jpg,4368881,2481997,.jpg
_DSF7064.jpg,4774793,2734442,.jpg
_DSF7065.jpg,3944018,2064335,.jpg
_DSF7066.jpg,4689596,2573019,.jpg
_DSF7067.jpg,4580030,2649912,.jpg
_DSF7068.jpg,4311717,2484499,.jpg
_DSF7069.jpg,5219130,3005353,.jpg
_DSF7070.jpg,4478984,2320478,.jpg
_DSF7071.jpg,5178178,2850643,.jpg
_DSF7072-Edit.jpg,5449774,3289126,.jpg
_DSF7072.jpg,4998537,2902398,.jpg
_DSF7073.jpg,4771803,2753026,.jpg
_DSF7074.jpg,5137200,2958227,.jpg
_DSF7075.jpg,4175386,2147843,.jpg
_DSF7076.jpg,4986788,2736245,.jpg
_DSF7077.jpg,4999416,2908633,.jpg
_DSF7078.jpg,4732183,2706324,.jpg
_DSF7079.jpg,5218813,3120484,.jpg
_DSF7080.jpg,4106573,2231084,.jpg
_DSF7081.jpg,4693316,2653231,.jpg
_DSF7082.jpg,4510809,2639387,.jpg
_DSF7083.jpg,4274570,2484065,.jpg
_DSF7084.jpg,4933678,2825057,.jpg
_DSF7085.jpg,4071367,2180642,.jpg
_DSF7086.jpg,4807039,2665695,.jpg
_DSF7087.jpg,4753678,2763648,.jpg
_DSF7088.jpg,4546270,2636640,.jpg
_DSF7089.jpg,4906623,2820063,.jpg
_DSF7090.jpg,4127461,2216512,.jpg
_DSF7091.jpg,4818193,2681637,.jpg
_DSF7092.jpg,4723937,2745186,.jpg
_DSF7093.jpg,4498271,2604587,.jpg
_DSF7094.jpg,4932534,2827615,.jpg
_DSF7095.jpg,4073375,2182116,.jpg
_DSF7096.jpg,4807017,2668709,.jpg
_DSF7097.jpg,4740245,2751638,.jpg
_DSF7098.jpg,4485619,2593743,.jpg
_DSF7099.jpg,4288231,2296560,.jpg
_DSF7100.jpg,3002053,1503952,.jpg
_DSF7101.jpg,3807388,1983888,.jpg
_DSF7102.jpg,4390122,2403858,.jpg
_DSF7103.jpg,4251092,2335600,.jpg
_DSF7104.jpg,4281956,2294949,.jpg
_DSF7105.jpg,3002047,1505244,.jpg
_DSF7106.jpg,3802326,1984401,.jpg
_DSF7107.jpg,4383329,2401275,.jpg
_DSF7108.jpg,3953897,2133718,.jpg
_DSF7109.jpg,4257565,2282208,.jpg
_DSF7110.jpg,2996780,1503258,.jpg
_DSF7111.jpg,3799219,1983151,.jpg
_DSF7112.jpg,4365607,2391560,.jpg
_DSF7113.jpg,4228385,2323333,.jpg
_DSF7114.jpg,4263698,2287729,.jpg
_DSF7115.jpg,2999814,1506757,.jpg
_DSF7116.jpg,3801290,1985834,.jpg
_DSF7117.jpg,4855931,2822468,.jpg
_DSF7118.jpg,4224431,2320249,.jpg
_DSF7119.jpg,4236935,2260661,.jpg
_DSF7120.jpg,2859201,1403752,.jpg
_DSF7121.jpg,3618388,1845391,.jpg
_DSF7122.jpg,4329139,2331630,.jpg
_DSF7123.jpg,4224733,2300747,.jpg
_DSF7124.jpg,4134741,2198675,.jpg
_DSF7125.jpg,2901814,1452793,.jpg
_DSF7126.jpg,3766473,1963915,.jpg
_DSF7127.jpg,4354597,2372272,.jpg
_DSF7128.jpg,4164213,2255543,.jpg
_DSF7129.jpg,4280520,2296542,.jpg
_DSF7130.jpg,3036449,1519082,.jpg
_DSF7131.jpg,3839360,2005106,.jpg
_DSF7132.jpg,4365327,2388555,.jpg
_DSF7133.jpg,4224850,2319724,.jpg
_DSF7134.jpg,4407665,2453359,.jpg
_DSF7135.jpg,3611890,1909297,.jpg
_DSF7136.jpg,4240794,2298617,.jpg
_DSF7137.jpg,4169258,2341250,.jpg
_DSF7138.jpg,3924860,2191334,.jpg
_DSF7139.jpg,4400682,2454262,.jpg
_DSF7140.jpg,3625389,1916290,.jpg
_DSF7141.jpg,4273425,2319897,.jpg
_DSF7142.jpg,4166482,2349055,.jpg
_DSF7143.jpg,3920265,2189524,.jpg
_DSF7144.jpg,4417301,2461268,.jpg
_DSF7145.jpg,3611367,1910272,.jpg
_DSF7146.jpg,4770160,2647212,.jpg
_DSF7147.jpg,4183914,2358417,.jpg
_DSF7148.jpg,3928694,2195366,.jpg
_DSF7149.jpg,4404336,2454978,.jpg
_DSF7150.jpg,3667050,1941256,.jpg
_DSF7151.jpg,4300103,2337548,.jpg
_DSF7152.jpg,4132279,2321971,.jpg
_DSF7153.jpg,3852069,2139012,.jpg
_DSF7154.jpg,4410901,2461898,.jpg
_DSF7155.jpg,3683467,1948825,.jpg
_DSF7156.jpg,4292312,2335414,.jpg
_DSF7157.jpg,4160334,2342731,.jpg
_DSF7158.jpg,3909597,2178894,.jpg
_DSF7159.jpg,4295789,2438056,.jpg
_DSF7160.jpg,3957031,2082165,.jpg
_DSF7161.jpg,4628591,2583827,.jpg
_DSF7162.jpg,3949017,2241184,.jpg
_DSF7163.jpg,3644740,2046877,.jpg
_DSF7164.jpg,4313669,2449435,.jpg
_DSF7165.jpg,4005209,2118780,.jpg
_DSF7166.jpg,4379273,2423836,.jpg
_DSF7167.jpg,3931175,2231546,.jpg
_DSF7168.jpg,3625360,2034247,.jpg
_DSF7169.jpg,4313384,2450460,.jpg
_DSF7170.jpg,4015607,2122532,.jpg
_DSF7171.jpg,4393942,2430963,.jpg
_DSF7172.jpg,3923681,2220465,.jpg
_DSF7173.jpg,3596903,2010830,.jpg
_DSF7174.jpg,4201471,2370173,.jpg
_DSF7175.jpg,3960173,2084148,.jpg
_DSF7176.jpg,4301602,2362734,.jpg
_DSF7177.jpg,3895979,2194546,.jpg
_DSF7178.jpg,3608154,2004079,.jpg
_DSF7179.jpg,4289768,2429088,.jpg
_DSF7180.jpg,4026873,2134004,.jpg
_DSF7181.jpg,4352960,2410955,.jpg
_DSF7182.jpg,3927788,2227310,.jpg
_DSF7183.jpg,3622175,2031421,.jpg
_DSF7184.jpg,2986198,1686942,.jpg
_DSF7185-Edit.jpg,2888689,1553064,.jpg
_DSF7185.jpg,3084152,1678248,.jpg
_DSF7186.jpg,2089188,1052701,.jpg
_DSF7187.jpg,3132891,1779536,.jpg
_DSF7188.jpg,2729303,1477065,.jpg
_DSF7189.jpg,3208578,1861398,.jpg
_DSF7190.jpg,1716165,870491,.jpg
_DSF7191-Edit.jpg,2157472,1064151,.jpg
_DSF7191.jpg,2552744,1298256,.jpg
_DSF7192.jpg,1970912,995786,.jpg
_DSF7193.jpg,2249244,1155291,.jpg
_DSF7194.jpg,1910009,948104,.jpg
_DSF7195.jpg,2575076,1472131,.jpg
_DSF7196.jpg,2682602,1512425,.jpg
_DSF7197.jpg,2598367,1330754,.jpg
_DSF7198.jpg,1915750,964844,.jpg
_DSF7199.jpg,2913537,1663457,.jpg
_DSF7200-Edit.jpg,2590354,1358427,.jpg
_DSF7200.jpg,2888175,1546759,.jpg
_DSF7201.jpg,2037931,1030418,.jpg
_DSF7202.jpg,2858451,1579526,.jpg
_DSF7203.jpg,2400800,1292172,.jpg
_DSF7204.jpg,2011605,1014364,.jpg
_DSF7205-Edit.jpg,2476408,1269007,.jpg
_DSF7205.jpg,2621741,1397040,.jpg
_DSF7206.jpg,2110235,1114112,.jpg
_DSF7207.jpg,2866109,1636420,.jpg
_DSF7208.jpg,2901636,1620961,.jpg
_DSF7209.jpg,2801237,1449831,.jpg
_DSF7210.jpg,2154060,1085847,.jpg
_DSF7211.jpg,2692394,1516063,.jpg
_DSF7212.jpg,2637714,1399447,.jpg
_DSF7213.jpg,1847100,923472,.jpg
_DSF7214-Edit.jpg,2296228,1150984,.jpg
_DSF7214.jpg,2294730,1206321,.jpg
_DSF7215.jpg,1900086,981849,.jpg
_DSF7216.jpg,1857495,928973,.jpg
_DSF7217-Edit.jpg,2854528,1536006,.jpg
_DSF7217.jpg,2790089,1534052,.jpg
_DSF7218.jpg,2435933,1342985,.jpg
_DSF7219.jpg,2186698,1120934,.jpg
_DSF7220.jpg,2867959,1586109,.jpg
_DSF7221.jpg,2796276,1523691,.jpg
_DSF7222.jpg,1526443,777592,.jpg
_DSF7223.jpg,2580289,1366580,.jpg
_DSF7224.jpg,3092485,1741743,.jpg
_DSF7225.jpg,1602819,810567,.jpg
_DSF7226.jpg,3090859,1741183,.jpg
_DSF7227.jpg,2507263,1349293,.jpg
_DSF7228.jpg,2610032,1395279,.jpg
_DSF7229-Edit.jpg,2435782,1228265,.jpg
_DSF7229.jpg,2546584,1361463,.jpg
_DSF7230.jpg,1565512,848609,.jpg
_DSF7231.jpg,2405970,1338242,.jpg
_DSF7232.jpg,1415867,754481,.jpg
_DSF7233.jpg,1200437,629580,.jpg
_DSF7234.jpg,1861221,965738,.jpg
_DSF7235.jpg,2808249,1442675,.jpg
_DSF7236.jpg,1531331,780911,.jpg
_DSF7237.jpg,2916478,1597781,.jpg
_DSF7238.jpg,2855496,1549844,.jpg
_DSF7239.jpg,2896337,1527270,.jpg
_DSF7240.jpg,2078281,1023364,.jpg
_DSF7241.jpg,2851459,1545019,.jpg
_DSF7242.jpg,2913007,1540288,.jpg
_DSF7243.jpg,2060284,1014333,.jpg
_DSF7244.jpg,2853718,1547028,.jpg
_DSF7245-Edit.jpg,2817219,1500521,.jpg
_DSF7245.jpg,2909524,1538955,.jpg
_DSF7246.jpg,2061840,1015198,.jpg
_DSF7247.jpg,1873508,977674,.jpg
_DSF7248.jpg,1540405,829864,.jpg
_DSF7249.jpg,2156478,1075495,.jpg
_DSF7250.jpg,2795167,1488330,.jpg
_DSF7251.jpg,2172974,1081750,.jpg
_DSF7252.jpg,2073698,1029893,.jpg
_DSF7253-Edit.jpg,2567687,1288025,.jpg
_DSF7253.jpg,3007745,1658876,.jpg
_DSF7254.jpg,2325905,1161556,.jpg
_DSF7255.jpg,2430590,1263954,.jpg
_DSF7256.jpg,2622902,1360534,.jpg
_DSF7257.jpg,1895113,972949,.jpg
_DSF7258.jpg,2747309,1526761,.jpg
_DSF7259.jpg,2847120,1543425,.jpg
_DSF7260.jpg,2656268,1380650,.jpg
_DSF7261.jpg,2008694,1025760,.jpg
_DSF7262.jpg,3166131,1735034,.jpg
_DSF7263.jpg,2472058,1376806,.jpg
_DSF7264.jpg,2688662,1460918,.jpg
_DSF7265.jpg,2900425,1546505,.jpg
_DSF7266.jpg,2347278,1310258,.jpg
_DSF7267.jpg,2960794,1645582,.jpg
_DSF7268-Edit.jpg,3380118,1925670,.jpg
_DSF7268.jpg,3195549,1759145,.jpg
_DSF7269.jpg,2462286,1370060,.jpg
_DSF7270.jpg,2684901,1459423,.jpg
_DSF7271.jpg,2598942,1390340,.jpg
_DSF7272.jpg,1549015,859332,.jpg
_DSF7273.jpg,2704975,1486235,.jpg
_DSF7274.jpg,2434625,1294865,.jpg
_DSF7275.jpg,2800172,1526918,.jpg
_DSF7276.jpg,1587934,802266,.jpg
_DSF7277.jpg,2456269,1310953,.jpg
_DSF7278-Edit.jpg,2716321,1468249,.jpg
_DSF7278.jpg,2959473,1652601,.jpg
_DSF7279.jpg,1606011,811145,.jpg
_DSF7280.jpg,2740493,1548610,.jpg
_DSF7281.jpg,2785293,1513966,.jpg
_DSF7282.jpg,2066604,1059299,.jpg
_DSF7283.jpg,2838600,1613847,.jpg
_DSF7284.jpg,2678184,1431321,.jpg
_DSF7285.jpg,2682127,1524372,.jpg
_DSF7286.jpg,2611870,1392509,.jpg
_DSF7287.jpg,2440797,1277187,.jpg
_DSF7288.jpg,1606054,811484,.jpg
_DSF7289-Edit.jpg,2421826,1217706,.jpg
_DSF7289.jpg,2451883,1305929,.jpg
_DSF7290.jpg,1618241,841784,.jpg
_DSF7291.jpg,2634318,1494900,.jpg
_DSF7292.jpg,3092960,1886537,.jpg
_DSF7293.jpg,2520962,1373195,.jpg
_DSF7294.jpg,2615283,1479014,.jpg
_DSF7295-Edit.jpg,2804661,1496916,.jpg
_DSF7295.jpg,3068146,1792994,.jpg
_DSF7296.jpg,2468502,1318944,.jpg
_DSF7297.jpg,2256734,1172713,.jpg
_DSF7298.jpg,2879117,1627767,.jpg
_DSF7299.jpg,2621527,1401705,.jpg
_DSF7300.jpg,2182970,1131776,.jpg
_DSF7301.jpg,2024924,1038214,.jpg
_DSF7302.jpg,988289,550044,.jpg
_DSF7303.jpg,2490811,1330907,.jpg
_MG_8267.jpg,2516045,1271813,.jpg
_MG_8280.jpg,2930721,1513076,.jpg
_MG_8293.jpg,3022922,1484974,.jpg
